name,title,record_type,case_number,filing_date,jurisdiction,address,description,url
Federal Communications Commission,"Sunshine Act; Open Commission Meeting Thursday, August 6, 2026",public_notice,2026-15733,2026-08-03,United States,,"The Commission will consider a Notice of Proposed Rulemaking that would explore new avenues to allow innovative unlicensed wireless devices to communicate directly with satellites. The item would propose and seek comment on use of certain frequencies available under part 15 of the Commission's rules for communications between Earth and space, including direct-to-device (D2D) services. The NPRM would also propose to clarify that use of part 15 unlicensed devices is permitted within FCC- authorized spacecraft, and seek comment on other scenarios where part 15 unlicensed devices may safely operate in space. 2....................................... Wireline Competition....... Title: Maximizing Efficiencies in Universal Service Administration (WC Docket No. 26-173). Summary: The Commission will consider a Notice of Proposed Rulemaking that would propose to strengthen the Commission's management and administration of the Universal Service Fund (USF) by reforming and improving USF administration processes, the structure of USF administration, operating costs associated with USF administration, and the impact of USAC's Board of Directors on USF administration. 3....................................... Media...................... Title: Amendment of Section 73.3555(e) of the Commission's Rules, National Television Multiple Ownership Rule (MB Docket No. 17-318). Summary: The Commission will consider a Report and Order that would remove artificial barriers to broadcast television's ability to attract capital and generate revenue, thus enabling broadcast television owners to better fulfill their public interest obligations, including through increased investment in local programming. The Report and Order also enables broadcast television station owners to expand their audience reach, gaining important leverage against national television networks. 4....................................... Wireline Competition....... Title: Promoting Telehealth in Rural America (WC Docket No. 17-3",https://www.federalregister.gov/documents/2026/08/03/2026-15733/sunshine-act-open-commission-meeting-thursday-august-6-2026
"Commerce Department, Foreign-Trade Zones Board","Foreign-Trade Zone 75; Application for Subzone Expansion; Intel Corporation; Chandler, Arizona",public_notice,2026-15719,2026-08-03,United States,,"Foreign-Trade Zone 75; Application for Subzone Expansion; Intel Corporation; Chandler, Arizona",https://www.federalregister.gov/documents/2026/08/03/2026-15719/foreign-trade-zone-75-application-for-subzone-expansion-intel-corporation-chandler-arizona
"Agriculture Department, Agricultural Marketing Service",Tobacco Report: Notice of Request for an Extension of a Currently Approved Information Collection,public_notice,2026-15718,2026-08-03,United States,,"In accordance with the Paperwork Reduction Act of 1995, this notice announces the Agricultural Marketing Service's (AMS) intention to request approval from the Office of Management and Budget for an extension and revision of the currently approved information collection, ""Tobacco Report"" (OMB No. 0581-0004).",https://www.federalregister.gov/documents/2026/08/03/2026-15718/tobacco-report-notice-of-request-for-an-extension-of-a-currently-approved-information-collection
"Interior Department, National Park Service","Notice of Intended Repatriation: Franklin County Historical Society, Ottawa, KS",public_notice,2026-15715,2026-08-03,United States,,"In accordance with the Native American Graves Protection and Repatriation Act (NAGPRA), the Franklin County Historical Society intends to repatriate a certain cultural item that meets the definition of an object of cultural patrimony and that has a cultural affiliation with the Indian Tribes or Native Hawaiian organizations in this notice.",https://www.federalregister.gov/documents/2026/08/03/2026-15715/notice-of-intended-repatriation-franklin-county-historical-society-ottawa-ks
"Interior Department, National Park Service","Notice of Intended Repatriation: Museum of Ventura County, Ventura, CA",public_notice,2026-15714,2026-08-03,United States,,"In accordance with the Native American Graves Protection and Repatriation Act (NAGPRA), the Museum of Ventura County intends to repatriate certain cultural items that meet the definition of objects of cultural patrimony and that have a cultural affiliation with the Indian Tribes or Native Hawaiian organizations in this notice.",https://www.federalregister.gov/documents/2026/08/03/2026-15714/notice-of-intended-repatriation-museum-of-ventura-county-ventura-ca
"Interior Department, National Park Service","Notice of Intended Repatriation: Michigan State University, East Lansing, MI",public_notice,2026-15713,2026-08-03,United States,,"In accordance with the Native American Graves Protection and Repatriation Act (NAGPRA), Michigan State University intends to repatriate certain cultural items that meet the definition of unassociated funerary objects and that have a cultural affiliation with the Indian Tribes or Native Hawaiian organizations in this notice.",https://www.federalregister.gov/documents/2026/08/03/2026-15713/notice-of-intended-repatriation-michigan-state-university-east-lansing-mi
"Interior Department, National Park Service","Notice of Inventory Completion: U.S. Army Corps of Engineers, St. Louis District, St. Louis, MO",public_notice,2026-15712,2026-08-03,United States,,"In accordance with the Native American Graves Protection and Repatriation Act (NAGPRA), the U.S. Army Corps of Engineers, St. Louis District, has completed an inventory of human remains and associated funerary objects and has determined that there is a cultural affiliation between the human remains and associated funerary objects and Indian Tribes or Native Hawaiian organizations in this notice.",https://www.federalregister.gov/documents/2026/08/03/2026-15712/notice-of-inventory-completion-us-army-corps-of-engineers-st-louis-district-st-louis-mo
"Interior Department, National Park Service","Notice of Inventory Completion: Archaeological Survey of Idaho Western Repository, Idaho State Historical Society, Boise, ID",public_notice,2026-15711,2026-08-03,United States,,"In accordance with the Native American Graves Protection and Repatriation Act (NAGPRA), the Archaeological Survey of Idaho Western Repository (ASI-WR) has completed an inventory of human remains and associated funerary objects and has determined that there is a cultural affiliation between the human remains and associated funerary objects and Indian Tribes or Native Hawaiian organizations in this notice.",https://www.federalregister.gov/documents/2026/08/03/2026-15711/notice-of-inventory-completion-archaeological-survey-of-idaho-western-repository-idaho-state
"Interior Department, National Park Service","Notice of Intended Repatriation: University of California, San Diego, San Diego, CA",public_notice,2026-15710,2026-08-03,United States,,"In accordance with the Native American Graves Protection and Repatriation Act (NAGPRA), the University of California San Diego intends to repatriate certain cultural items that meet the definition of objects of cultural patrimony and that have a cultural affiliation with the Indian Tribes or Native Hawaiian organizations in this notice.",https://www.federalregister.gov/documents/2026/08/03/2026-15710/notice-of-intended-repatriation-university-of-california-san-diego-san-diego-ca
"Interior Department, National Park Service","Notice of Proposed Transfer or Reinterment: University of Wisconsin Oshkosh, Oshkosh, WI",public_notice,2026-15709,2026-08-03,United States,,"In accordance with the Native American Graves Protection and Repatriation Act (NAGPRA), the University of Wisconsin Oshkosh (UWO) proposes to transfer human remains and associated funerary objects listed in a notice of inventory completion published in the Federal Register on June 27, 2025.",https://www.federalregister.gov/documents/2026/08/03/2026-15709/notice-of-proposed-transfer-or-reinterment-university-of-wisconsin-oshkosh-oshkosh-wi
"Interior Department, National Park Service","Notice of Inventory Completion: Lost City Museum, Overton, NV",public_notice,2026-15708,2026-08-03,United States,,"In accordance with the Native American Graves Protection and Repatriation Act (NAGPRA), the Lost City Museum has completed an inventory of human remains and associated funerary objects and has determined that there is a cultural affiliation between the human remains and associated funerary objects and Indian Tribes or Native Hawaiian organizations in this notice.",https://www.federalregister.gov/documents/2026/08/03/2026-15708/notice-of-inventory-completion-lost-city-museum-overton-nv
"Interior Department, National Park Service","Notice of Inventory Completion: University of Kansas, Lawrence, KS, and University of Tennessee, Department of Anthropology, Knoxville, TN",public_notice,2026-15707,2026-08-03,United States,,"In accordance with the Native American Graves Protection and Repatriation Act (NAGPRA), the University of Kansas (KU) and the University of Tennessee, Knoxville, Department of Anthropology (UTK) have completed an inventory of human remains and associated funerary objects and have determined that there is a cultural affiliation between the human remains and associated funerary objects and Indian Tribes or Native Hawaiian organizations in this notice.",https://www.federalregister.gov/documents/2026/08/03/2026-15707/notice-of-inventory-completion-university-of-kansas-lawrence-ks-and-university-of-tennessee
"Interior Department, National Park Service","Notice of Intended Repatriation: California State University, Sacramento, Sacramento, CA",public_notice,2026-15706,2026-08-03,United States,,"In accordance with the Native American Graves Protection and Repatriation Act (NAGPRA), the California State University, Sacramento intends to repatriate certain cultural items that meet the definition of sacred objects and that have a cultural affiliation with the Indian Tribes or Native Hawaiian organizations in this notice.",https://www.federalregister.gov/documents/2026/08/03/2026-15706/notice-of-intended-repatriation-california-state-university-sacramento-sacramento-ca
"Interior Department, National Park Service","Notice of Intended Repatriation: California State University, Sacramento, Sacramento, CA",public_notice,2026-15705,2026-08-03,United States,,"In accordance with the Native American Graves Protection and Repatriation Act (NAGPRA), the California State University, Sacramento intends to repatriate certain cultural items that meet the definition of sacred objects/objects of cultural patrimony and that have a cultural affiliation with the Indian Tribes or Native Hawaiian organizations in this notice.",https://www.federalregister.gov/documents/2026/08/03/2026-15705/notice-of-intended-repatriation-california-state-university-sacramento-sacramento-ca
"Interior Department, National Park Service","Notice of Intended Repatriation: Denver Art Museum, Denver, CO",public_notice,2026-15704,2026-08-03,United States,,"In accordance with the Native American Graves Protection and Repatriation Act (NAGPRA), the Denver Art Museum intends to repatriate a certain cultural item that meets the definition of a sacred object/ object of cultural patrimony and that has a cultural affiliation with the Indian Tribes or Native Hawaiian organizations in this notice.",https://www.federalregister.gov/documents/2026/08/03/2026-15704/notice-of-intended-repatriation-denver-art-museum-denver-co
"Interior Department, National Park Service","Notice of Inventory Completion: University of Michigan, Ann Arbor, MI",public_notice,2026-15703,2026-08-03,United States,,"In accordance with the Native American Graves Protection and Repatriation Act (NAGPRA), the University of Michigan has completed an inventory of an associated funerary object and has determined that there is a cultural affiliation between the associated funerary object and Indian Tribes or Native Hawaiian organizations in this notice.",https://www.federalregister.gov/documents/2026/08/03/2026-15703/notice-of-inventory-completion-university-of-michigan-ann-arbor-mi
"Interior Department, National Park Service","Notice of Inventory Completion: Staten Island Institute of Arts and Sciences, Staten Island, NY",public_notice,2026-15702,2026-08-03,United States,,"In accordance with the Native American Graves Protection and Repatriation Act (NAGPRA), the Staten Island Institute of Arts and Sciences (SIIAS) has completed an inventory of human remains and associated funerary objects and has determined that there is a cultural affiliation between the human remains and associated funerary objects and Indian Tribes or Native Hawaiian organizations in this notice.",https://www.federalregister.gov/documents/2026/08/03/2026-15702/notice-of-inventory-completion-staten-island-institute-of-arts-and-sciences-staten-island-ny
"Interior Department, National Park Service","Notice of Intended Repatriation: Stanford University, Stanford, CA",public_notice,2026-15701,2026-08-03,United States,,"In accordance with the Native American Graves Protection and Repatriation Act (NAGPRA), Stanford University intends to repatriate certain cultural items that meet the definition of unassociated funerary objects and that have a cultural affiliation with the Indian Tribes or Native Hawaiian organizations in this notice.",https://www.federalregister.gov/documents/2026/08/03/2026-15701/notice-of-intended-repatriation-stanford-university-stanford-ca
"Interior Department, National Park Service","Notice of Intended Repatriation: Stanford University, Stanford, CA",public_notice,2026-15700,2026-08-03,United States,,"In accordance with the Native American Graves Protection and Repatriation Act (NAGPRA), Stanford University intends to repatriate a certain cultural item that meets the definition of an object of cultural patrimony and that has a cultural affiliation with the Indian Tribes or Native Hawaiian organizations in this notice.",https://www.federalregister.gov/documents/2026/08/03/2026-15700/notice-of-intended-repatriation-stanford-university-stanford-ca
"Interior Department, National Park Service","Notice of Intended Repatriation: Stanford University, Stanford, CA",public_notice,2026-15699,2026-08-03,United States,,"In accordance with the Native American Graves Protection and Repatriation Act (NAGPRA), Stanford University intends to repatriate a certain cultural item that meets the definition of an object of cultural patrimony and that has a cultural affiliation with the Indian Tribes or Native Hawaiian organizations in this notice.",https://www.federalregister.gov/documents/2026/08/03/2026-15699/notice-of-intended-repatriation-stanford-university-stanford-ca
"Interior Department, National Park Service","Notice of Inventory Completion: St. Joseph Museums, Inc., St. Joseph, MO",public_notice,2026-15698,2026-08-03,United States,,"In accordance with the Native American Graves Protection and Repatriation Act (NAGPRA), the St. Joseph Museums, Inc has completed an inventory of human remains and associated funerary objects and has determined that there is a cultural affiliation between the human remains and associated funerary objects and Indian Tribes or Native Hawaiian organizations in this notice.",https://www.federalregister.gov/documents/2026/08/03/2026-15698/notice-of-inventory-completion-st-joseph-museums-inc-st-joseph-mo
"Interior Department, National Park Service","Notice of Inventory Completion: Louisiana Division of Archaeology, Office of Cultural Development, Baton Rouge, LA",public_notice,2026-15697,2026-08-03,United States,,"In accordance with the Native American Graves Protection and Repatriation Act (NAGPRA), the Louisiana Division of Archaeology has completed an inventory of human remains and has determined that there is no lineal descendant and no Indian Tribe or Native Hawaiian organization with cultural affiliation.",https://www.federalregister.gov/documents/2026/08/03/2026-15697/notice-of-inventory-completion-louisiana-division-of-archaeology-office-of-cultural-development
"Health and Human Services Department, National Institutes of Health",National Institute of Allergy and Infectious Diseases; Notice of Meeting,public_notice,2026-15696,2026-08-03,United States,,National Institute of Allergy and Infectious Diseases; Notice of Meeting,https://www.federalregister.gov/documents/2026/08/03/2026-15696/national-institute-of-allergy-and-infectious-diseases-notice-of-meeting
"Energy Department, Federal Energy Regulatory Commission","Rio Grande LNG Train 6, LLC; Notice of Intent To Prepare an Environmental Impact Statement for the Proposed Rio Grande LNG Expansion Project, Request for Comments on Environmental Issues, Notice of Public Scoping Session, and Schedule for Environmental Review",public_notice,2026-15695,2026-08-03,United States,,"Rio Grande LNG Train 6, LLC; Notice of Intent To Prepare an Environmental Impact Statement for the Proposed Rio Grande LNG Expansion Project, Request for Comments on Environmental Issues, Notice of Public Scoping Session, and Schedule for Environmental Review",https://www.federalregister.gov/documents/2026/08/03/2026-15695/rio-grande-lng-train-6-llc-notice-of-intent-to-prepare-an-environmental-impact-statement-for-the
"Energy Department, Federal Energy Regulatory Commission","Vinton Dome Storage Hub, LLC; Notice of Scoping Period Requesting Comments on Environmental Issues for the Proposed Vinton Dome Storage Hub Project",public_notice,2026-15694,2026-08-03,United States,,"Vinton Dome Storage Hub, LLC; Notice of Scoping Period Requesting Comments on Environmental Issues for the Proposed Vinton Dome Storage Hub Project",https://www.federalregister.gov/documents/2026/08/03/2026-15694/vinton-dome-storage-hub-llc-notice-of-scoping-period-requesting-comments-on-environmental-issues-for
"Energy Department, Federal Energy Regulatory Commission","Guardian Pipeline, LLC; Notice of Scoping Period Requesting Comments on Environmental Issues for the Proposed Guardian 3 Expansion Project",public_notice,2026-15693,2026-08-03,United States,,"Guardian Pipeline, LLC; Notice of Scoping Period Requesting Comments on Environmental Issues for the Proposed Guardian 3 Expansion Project",https://www.federalregister.gov/documents/2026/08/03/2026-15693/guardian-pipeline-llc-notice-of-scoping-period-requesting-comments-on-environmental-issues-for-the
"Energy Department, Federal Energy Regulatory Commission","Fall River Electric Cooperative, Inc.; Notice of Revised Schedule for Environmental Assessment",public_notice,2026-15692,2026-08-03,United States,,"Fall River Electric Cooperative, Inc.; Notice of Revised Schedule for Environmental Assessment",https://www.federalregister.gov/documents/2026/08/03/2026-15692/fall-river-electric-cooperative-inc-notice-of-revised-schedule-for-environmental-assessment
"Energy Department, Federal Energy Regulatory Commission","Alaska Energy Authority; Notice of Application for Non-Capacity Amendment of License Accepted for Filing, Soliciting Comments, Motions To Intervene, and Protests",public_notice,2026-15691,2026-08-03,United States,,"Alaska Energy Authority; Notice of Application for Non-Capacity Amendment of License Accepted for Filing, Soliciting Comments, Motions To Intervene, and Protests",https://www.federalregister.gov/documents/2026/08/03/2026-15691/alaska-energy-authority-notice-of-application-for-non-capacity-amendment-of-license-accepted-for
"Energy Department, Federal Energy Regulatory Commission",Electronic Tariff Filings; Notice of Changes to E-Tariff Validation Error Codes,public_notice,2026-15690,2026-08-03,United States,,Electronic Tariff Filings; Notice of Changes to E-Tariff Validation Error Codes,https://www.federalregister.gov/documents/2026/08/03/2026-15690/electronic-tariff-filings-notice-of-changes-to-e-tariff-validation-error-codes
"Energy Department, Federal Energy Regulatory Commission","Marlow Hydro, LLC; Notice of Intent To Prepare an Environmental Assessment",public_notice,2026-15689,2026-08-03,United States,,"Marlow Hydro, LLC; Notice of Intent To Prepare an Environmental Assessment",https://www.federalregister.gov/documents/2026/08/03/2026-15689/marlow-hydro-llc-notice-of-intent-to-prepare-an-environmental-assessment
"Health and Human Services Department, National Institutes of Health",National Institute of Allergy and Infectious Diseases; Notice of Meetings,public_notice,2026-15688,2026-08-03,United States,,National Institute of Allergy and Infectious Diseases; Notice of Meetings,https://www.federalregister.gov/documents/2026/08/03/2026-15688/national-institute-of-allergy-and-infectious-diseases-notice-of-meetings
"Commerce Department, Foreign-Trade Zones Board","Foreign-Trade Zone 222; Application for Subzone; Vulcaflex Inc.; Auburn, Alabama",public_notice,2026-15687,2026-08-03,United States,,"Foreign-Trade Zone 222; Application for Subzone; Vulcaflex Inc.; Auburn, Alabama",https://www.federalregister.gov/documents/2026/08/03/2026-15687/foreign-trade-zone-222-application-for-subzone-vulcaflex-inc-auburn-alabama
Federal Communications Commission,Information Collection Being Reviewed by the Federal Communications Commission,public_notice,2026-15685,2026-08-03,United States,,"As part of its continuing effort to reduce paperwork burdens, and as required by the Paperwork Reduction Act (PRA) of 1995, the Federal Communications Commission (FCC or the Commission) invites the general public and other Federal agencies to take this opportunity to comment on the following information collection. Comments are requested concerning: whether the proposed collection of information is necessary for the proper performance of the functions of the Commission, including whether the information shall have practical utility; the accuracy of the Commission's burden estimate; ways to enhance the quality, utility, and clarity of the information collected; ways to minimize the burden of the collection of information on the respondents, including the use of automated collection techniques or other forms of information technology; and ways to further reduce the information collection burden on small business concerns with fewer than 25 employees.",https://www.federalregister.gov/documents/2026/08/03/2026-15685/information-collection-being-reviewed-by-the-federal-communications-commission
"Commerce Department, National Oceanic and Atmospheric Administration",Atlantic Highly Migratory Species; Meeting of the Atlantic Highly Migratory Species Advisory Panel,public_notice,2026-15684,2026-08-03,United States,,NMFS will hold a 2-day hybrid Atlantic Highly Migratory Species (HMS) Advisory Panel (AP) meeting in September 2026. The intent of the meeting is to consider options for the conservation and management of HMS. The meeting is open to the public.,https://www.federalregister.gov/documents/2026/08/03/2026-15684/atlantic-highly-migratory-species-meeting-of-the-atlantic-highly-migratory-species-advisory-panel
"Commerce Department, Foreign-Trade Zones Board","Foreign-Trade Zone 57; Application for Subzone; AUMOVIO Systems, Inc.; Morganton, North Carolina",public_notice,2026-15683,2026-08-03,United States,,"Foreign-Trade Zone 57; Application for Subzone; AUMOVIO Systems, Inc.; Morganton, North Carolina",https://www.federalregister.gov/documents/2026/08/03/2026-15683/foreign-trade-zone-57-application-for-subzone-aumovio-systems-inc-morganton-north-carolina
"Health and Human Services Department, National Institutes of Health",National Institute of Mental Health; Notice of Closed Meeting,public_notice,2026-15682,2026-08-03,United States,,National Institute of Mental Health; Notice of Closed Meeting,https://www.federalregister.gov/documents/2026/08/03/2026-15682/national-institute-of-mental-health-notice-of-closed-meeting
"Health and Human Services Department, National Institutes of Health",National Center for Advancing Translational Sciences; Notice of Meeting,public_notice,2026-15679,2026-08-03,United States,,National Center for Advancing Translational Sciences; Notice of Meeting,https://www.federalregister.gov/documents/2026/08/03/2026-15679/national-center-for-advancing-translational-sciences-notice-of-meeting
Federal Communications Commission,Information Collection Being Reviewed by the Federal Communications Commission,public_notice,2026-15678,2026-08-03,United States,,"As part of its continuing effort to reduce paperwork burdens, and as required by the Paperwork Reduction Act (PRA) of 1995, the Federal Communications Commission (FCC or the Commission) invites the general public and other Federal agencies to take this opportunity to comment on the following information collection. Comments are requested concerning: whether the proposed collection of information is necessary for the proper performance of the functions of the Commission, including whether the information shall have practical utility; the accuracy of the Commission's burden estimate; ways to enhance the quality, utility, and clarity of the information collected; ways to minimize the burden of the collection of information on the respondents, including the use of automated collection techniques or other forms of information technology; and ways to further reduce the information collection burden on small business concerns with fewer than 25 employees.",https://www.federalregister.gov/documents/2026/08/03/2026-15678/information-collection-being-reviewed-by-the-federal-communications-commission
"Transportation Department, Federal Railroad Administration",Massachusetts Bay Transportation Authority's Request To Amend Its Positive Train Control Safety Plan and Positive Train Control System,public_notice,2026-15674,2026-08-03,United States,,"This document provides the public with notice that, on July 22, 2026, the Massachusetts Bay Transportation Authority (MBTA) submitted a request for amendment (RFA) to its FRA-approved Positive Train Control Safety Plan (PTCSP).",https://www.federalregister.gov/documents/2026/08/03/2026-15674/massachusetts-bay-transportation-authoritys-request-to-amend-its-positive-train-control-safety-plan
"Labor Department, Employment and Training Administration",Labor Certification Process for the Temporary Employment of Foreign Workers in Agriculture in the United States: Adverse Effect Wage Rate Updates for Non-Range Occupations,public_notice,2026-15673,2026-08-03,United States,,"The Employment and Training Administration (ETA) of the Department of Labor (DOL) is issuing this notice to announce updates to the Adverse Effect Wage Rates (AEWR) for the employment of temporary or seasonal nonimmigrant foreign workers (H-2A workers) to perform agricultural labor or services in non-range occupations. AEWRs are the minimum wage rates that must be offered, advertised in recruitment, and paid by employers to H-2A workers and workers in corresponding employment to ensure that the wages and working conditions of workers in the United States similarly employed are not adversely affected.",https://www.federalregister.gov/documents/2026/08/03/2026-15673/labor-certification-process-for-the-temporary-employment-of-foreign-workers-in-agriculture-in-the
